mean,std,max
107.94,66.3953040508137,356.0
128.02,84.94998293113426,398.0
163.08,100.8771212912026,390.0
129.06,113.35650135744311,538.0
233.24,167.78385619599996,976.0
151.94,143.71199114896433,747.0
