episode,reward,epsilon,loss
"(0, 18, 1.0, 0.9741259813308716)","(1, 16, 1.0, 1.4292652606964111)","(2, 15, 1.0, 2.1845548152923584)","(3, 11, 1.0, 3.0602920055389404)","(4, 17, 1.0, 3.838176965713501)","(5, 11, 1.0, 4.746697425842285)","(6, 13, 1.0, 5.5916643142700195)","(7, 16, 1.0, 5.965115070343018)","(8, 8, 1.0, 6.778081893920898)","(9, 12, 1.0, 6.684329032897949)","(10, 12, 1.0, 6.578509330749512)","(11, 23, 1.0, 7.279240608215332)","(12, 5, 1.0, 6.123212814331055)","(13, 17, 1.0, 5.224006652832031)","(14, 13, 1.0, 5.807760238647461)","(15, 24, 1.0, 4.156860828399658)","(16, 13, 1.0, 4.354549407958984)","(17, 9, 1.0, 4.218256950378418)","(18, 17, 1.0, 3.966827630996704)","(19, 9, 1.0, 4.274521827697754)","(20, 12, 1.0, 5.345174789428711)","(21, 9, 1.0, 4.86761474609375)","(22, 17, 1.0, 4.6668620109558105)","(23, 4, 0.9995005, 4.146529674530029)","(24, 12, 0.9995005, 5.316723823547363)","(25, 10, 0.9995005, 5.063345432281494)","(26, 22, 0.9995005, 5.610177040100098)","(27, 12, 0.9995005, 5.499518871307373)","(28, 12, 0.9995005, 4.811789035797119)","(29, 18, 0.9995005, 5.456712245941162)","(30, 15, 0.9995005, 4.848769664764404)","(31, 18, 0.9995005, 4.821574687957764)","(32, 13, 0.9995005, 4.2798752784729)","(33, 18, 0.9995005, 4.603097915649414)","(34, 11, 0.9995005, 5.415156364440918)","(35, 15, 0.9995005, 4.691638469696045)","(36, 13, 0.9995005, 5.912180423736572)","(37, 14, 0.9995005, 5.934895992279053)","(38, 9, 0.9995005, 7.553600788116455)","(39, 11, 0.9995005, 6.215096473693848)","(40, 19, 0.9995005, 6.349460601806641)","(41, 16, 0.9995005, 5.5040740966796875)","(42, 12, 0.9995005, 5.05662202835083)","(43, 13, 0.9995005, 4.717230319976807)","(44, 13, 0.999001, 4.199511528015137)","(45, 11, 0.999001, 4.2816009521484375)"
